{
  "meta_loss": [
    67.2754020690918,
    68.35802459716797,
    67.2754020690918
  ],
  "meta_pixel_acc": [
    0.0,
    0.0,
    0.0
  ],
  "meta_binary_acc": [
    0.0,
    0.0,
    0.0
  ]
}