{
  "007bbfb7": {
    "solved": false,
    "accuracy": 0.04938271641731262,
    "final_fitness": -5.981539726257324,
    "error": null
  },
  "00d62c1b": {
    "solved": false,
    "accuracy": 0.0,
    "final_fitness": 0.0,
    "error": "eq got incompatible shapes for broadcasting: (6, 6), (20, 20)."
  },
  "017c7c7b": {
    "solved": false,
    "accuracy": 0.03703703731298447,
    "final_fitness": -3.02378511428833,
    "error": null
  }
}